[{"id":1,"unixTime":"55195077","co":26,"co2":2,"temp":29},
{"id":2,"unixTime":"63260451","co":2,"co2":21,"temp":69},
{"id":3,"unixTime":"67648831","co":45,"co2":61,"temp":94},
{"id":4,"unixTime":"41742686","co":84,"co2":62,"temp":64},
{"id":5,"unixTime":"54895736","co":66,"co2":67,"temp":16},
{"id":6,"unixTime":"43868326","co":69,"co2":50,"temp":29},
{"id":7,"unixTime":"69209482","co":17,"co2":35,"temp":81},
{"id":8,"unixTime":"67098970","co":79,"co2":38,"temp":80},
{"id":9,"unixTime":"38892533","co":17,"co2":36,"temp":58},
{"id":10,"unixTime":"39477754","co":99,"co2":63,"temp":59},
{"id":11,"unixTime":"65375628","co":29,"co2":77,"temp":99},
{"id":12,"unixTime":"62331254","co":71,"co2":38,"temp":7},
{"id":13,"unixTime":"53538633","co":70,"co2":82,"temp":98},
{"id":14,"unixTime":"38392395","co":90,"co2":12,"temp":47},
{"id":15,"unixTime":"52863085","co":43,"co2":32,"temp":73},
{"id":16,"unixTime":"67722166","co":88,"co2":67,"temp":45},
{"id":17,"unixTime":"49921614","co":92,"co2":94,"temp":58},
{"id":18,"unixTime":"39376908","co":45,"co2":99,"temp":83},
{"id":19,"unixTime":"58501052","co":63,"co2":29,"temp":49},
{"id":20,"unixTime":"56643397","co":63,"co2":45,"temp":9},
{"id":21,"unixTime":"61956379","co":91,"co2":73,"temp":28},
{"id":22,"unixTime":"45142209","co":1,"co2":50,"temp":48},
{"id":23,"unixTime":"67646484","co":10,"co2":7,"temp":18},
{"id":24,"unixTime":"63945017","co":64,"co2":92,"temp":76},
{"id":25,"unixTime":"60933781","co":53,"co2":11,"temp":78},
{"id":26,"unixTime":"69005765","co":9,"co2":51,"temp":33},
{"id":27,"unixTime":"59269311","co":47,"co2":100,"temp":35},
{"id":28,"unixTime":"58033546","co":43,"co2":23,"temp":48},
{"id":29,"unixTime":"67035548","co":33,"co2":5,"temp":84},
{"id":30,"unixTime":"55870643","co":77,"co2":72,"temp":7},
{"id":31,"unixTime":"68712989","co":71,"co2":45,"temp":88},
{"id":32,"unixTime":"48401243","co":30,"co2":53,"temp":83},
{"id":33,"unixTime":"55992323","co":58,"co2":43,"temp":74},
{"id":34,"unixTime":"55389255","co":24,"co2":82,"temp":29},
{"id":35,"unixTime":"45917926","co":59,"co2":88,"temp":15},
{"id":36,"unixTime":"43559701","co":73,"co2":39,"temp":87},
{"id":37,"unixTime":"43329075","co":16,"co2":95,"temp":42},
{"id":38,"unixTime":"47382828","co":83,"co2":98,"temp":11},
{"id":39,"unixTime":"59793381","co":48,"co2":6,"temp":12},
{"id":40,"unixTime":"45484591","co":92,"co2":15,"temp":85},
{"id":41,"unixTime":"38753691","co":89,"co2":29,"temp":67},
{"id":42,"unixTime":"67488933","co":92,"co2":12,"temp":64},
{"id":43,"unixTime":"43055803","co":22,"co2":22,"temp":75},
{"id":44,"unixTime":"60358","co":35,"co2":65,"temp":17},
{"id":45,"unixTime":"43724781","co":48,"co2":63,"temp":75},
{"id":46,"unixTime":"43194490","co":72,"co2":58,"temp":33},
{"id":47,"unixTime":"53797665","co":91,"co2":87,"temp":72},
{"id":48,"unixTime":"44302591","co":68,"co2":14,"temp":44},
{"id":49,"unixTime":"59610707","co":61,"co2":49,"temp":57},
{"id":50,"unixTime":"56024256","co":54,"co2":5,"temp":9},
{"id":51,"unixTime":"62802824","co":13,"co2":29,"temp":50},
{"id":52,"unixTime":"66935042","co":76,"co2":65,"temp":16},
{"id":53,"unixTime":"61268928","co":89,"co2":91,"temp":12},
{"id":54,"unixTime":"65159779","co":6,"co2":88,"temp":3},
{"id":55,"unixTime":"51703872","co":28,"co2":49,"temp":14},
{"id":56,"unixTime":"49942840","co":6,"co2":87,"temp":18},
{"id":57,"unixTime":"66679838","co":31,"co2":60,"temp":91},
{"id":58,"unixTime":"54176852","co":88,"co2":74,"temp":79},
{"id":59,"unixTime":"56898495","co":48,"co2":46,"temp":27},
{"id":60,"unixTime":"39191785","co":45,"co2":86,"temp":11},
{"id":61,"unixTime":"50260974","co":43,"co2":2,"temp":54},
{"id":62,"unixTime":"48818578","co":48,"co2":5,"temp":36},
{"id":63,"unixTime":"61201846","co":18,"co2":50,"temp":79},
{"id":64,"unixTime":"51783497","co":68,"co2":20,"temp":49},
{"id":65,"unixTime":"55157953","co":2,"co2":94,"temp":35},
{"id":66,"unixTime":"61766019","co":32,"co2":20,"temp":50},
{"id":67,"unixTime":"56470930","co":23,"co2":92,"temp":23},
{"id":68,"unixTime":"65339041","co":38,"co2":15,"temp":90},
{"id":69,"unixTime":"67057321","co":82,"co2":99,"temp":58},
{"id":70,"unixTime":"54506040","co":85,"co2":18,"temp":60},
{"id":71,"unixTime":"50475178","co":28,"co2":50,"temp":70},
{"id":72,"unixTime":"43890802","co":59,"co2":37,"temp":90},
{"id":73,"unixTime":"46190179","co":15,"co2":85,"temp":43},
{"id":74,"unixTime":"55343038","co":36,"co2":34,"temp":25},
{"id":75,"unixTime":"58889632","co":27,"co2":52,"temp":17},
{"id":76,"unixTime":"55740098","co":89,"co2":84,"temp":100},
{"id":77,"unixTime":"61758795","co":41,"co2":78,"temp":48},
{"id":78,"unixTime":"59982904","co":59,"co2":73,"temp":57},
{"id":79,"unixTime":"56972223","co":23,"co2":3,"temp":69},
{"id":80,"unixTime":"69286508","co":5,"co2":38,"temp":39},
{"id":81,"unixTime":"68650172","co":36,"co2":42,"temp":100},
{"id":82,"unixTime":"63702995","co":29,"co2":100,"temp":54},
{"id":83,"unixTime":"69134339","co":54,"co2":53,"temp":14},
{"id":84,"unixTime":"57341473","co":61,"co2":74,"temp":31},
{"id":85,"unixTime":"44994882","co":88,"co2":5,"temp":59},
{"id":86,"unixTime":"60569190","co":12,"co2":69,"temp":64},
{"id":87,"unixTime":"49726316","co":19,"co2":77,"temp":35},
{"id":88,"unixTime":"47127493","co":74,"co2":27,"temp":69},
{"id":89,"unixTime":"41437347","co":12,"co2":47,"temp":39},
{"id":90,"unixTime":"65421920","co":67,"co2":23,"temp":73},
{"id":91,"unixTime":"51474458","co":89,"co2":7,"temp":86},
{"id":92,"unixTime":"41071258","co":46,"co2":91,"temp":43},
{"id":93,"unixTime":"65703825","co":53,"co2":75,"temp":72},
{"id":94,"unixTime":"47949467","co":85,"co2":4,"temp":22},
{"id":95,"unixTime":"62750784","co":14,"co2":67,"temp":34},
{"id":96,"unixTime":"47296260","co":100,"co2":91,"temp":17},
{"id":97,"unixTime":"63115330","co":35,"co2":88,"temp":51},
{"id":98,"unixTime":"67754195","co":62,"co2":70,"temp":26},
{"id":99,"unixTime":"53232259","co":39,"co2":84,"temp":37},
{"id":100,"unixTime":"53128937","co":23,"co2":42,"temp":63},
{"id":101,"unixTime":"52385526","co":20,"co2":53,"temp":83},
{"id":102,"unixTime":"58718830","co":72,"co2":34,"temp":72},
{"id":103,"unixTime":"50266727","co":56,"co2":66,"temp":80},
{"id":104,"unixTime":"42978083","co":8,"co2":14,"temp":72},
{"id":105,"unixTime":"59881787","co":36,"co2":30,"temp":81},
{"id":106,"unixTime":"68299444","co":21,"co2":43,"temp":28},
{"id":107,"unixTime":"49074317","co":23,"co2":8,"temp":15},
{"id":108,"unixTime":"68666329","co":34,"co2":55,"temp":51},
{"id":109,"unixTime":"49750263","co":58,"co2":5,"temp":67},
{"id":110,"unixTime":"50475865","co":43,"co2":44,"temp":59},
{"id":111,"unixTime":"57361450","co":88,"co2":73,"temp":39},
{"id":112,"unixTime":"56450995","co":27,"co2":71,"temp":95},
{"id":113,"unixTime":"67150735","co":66,"co2":29,"temp":38},
{"id":114,"unixTime":"54653027","co":90,"co2":28,"temp":32},
{"id":115,"unixTime":"41771942","co":22,"co2":72,"temp":52},
{"id":116,"unixTime":"56426378","co":30,"co2":64,"temp":45},
{"id":117,"unixTime":"67739273","co":40,"co2":9,"temp":62},
{"id":118,"unixTime":"45723084","co":25,"co2":84,"temp":73},
{"id":119,"unixTime":"40379522","co":95,"co2":95,"temp":89},
{"id":120,"unixTime":"39951426","co":58,"co2":48,"temp":42},
{"id":121,"unixTime":"57531520","co":8,"co2":44,"temp":5},
{"id":122,"unixTime":"66260094","co":59,"co2":65,"temp":26},
{"id":123,"unixTime":"56011176","co":92,"co2":9,"temp":94},
{"id":124,"unixTime":"58021487","co":39,"co2":68,"temp":91},
{"id":125,"unixTime":"63896693","co":19,"co2":10,"temp":79},
{"id":126,"unixTime":"68487373","co":43,"co2":11,"temp":19},
{"id":127,"unixTime":"42186407","co":39,"co2":73,"temp":77},
{"id":128,"unixTime":"38409744","co":1,"co2":98,"temp":53},
{"id":129,"unixTime":"39880619","co":27,"co2":72,"temp":87},
{"id":130,"unixTime":"68752915","co":3,"co2":43,"temp":93},
{"id":131,"unixTime":"55291155","co":5,"co2":92,"temp":97},
{"id":132,"unixTime":"69784301","co":17,"co2":33,"temp":65},
{"id":133,"unixTime":"63081895","co":35,"co2":21,"temp":9},
{"id":134,"unixTime":"67411515","co":84,"co2":9,"temp":49},
{"id":135,"unixTime":"49808294","co":57,"co2":44,"temp":5},
{"id":136,"unixTime":"50169876","co":23,"co2":19,"temp":24},
{"id":137,"unixTime":"65624700","co":32,"co2":77,"temp":13},
{"id":138,"unixTime":"44554018","co":1,"co2":93,"temp":19},
{"id":139,"unixTime":"64221041","co":39,"co2":50,"temp":21},
{"id":140,"unixTime":"45034991","co":26,"co2":57,"temp":72},
{"id":141,"unixTime":"67949397","co":10,"co2":37,"temp":23},
{"id":142,"unixTime":"63804809","co":35,"co2":71,"temp":78},
{"id":143,"unixTime":"43144147","co":31,"co2":31,"temp":56},
{"id":144,"unixTime":"48629222","co":85,"co2":93,"temp":14},
{"id":145,"unixTime":"47323512","co":83,"co2":74,"temp":71},
{"id":146,"unixTime":"56432076","co":71,"co2":55,"temp":54},
{"id":147,"unixTime":"45197855","co":39,"co2":91,"temp":32},
{"id":148,"unixTime":"50155675","co":96,"co2":23,"temp":21},
{"id":149,"unixTime":"54791794","co":57,"co2":66,"temp":40},
{"id":150,"unixTime":"59203440","co":17,"co2":94,"temp":43},
{"id":151,"unixTime":"46836694","co":70,"co2":71,"temp":70},
{"id":152,"unixTime":"68597983","co":86,"co2":10,"temp":56},
{"id":153,"unixTime":"42052922","co":54,"co2":1,"temp":68},
{"id":154,"unixTime":"68852829","co":49,"co2":12,"temp":42},
{"id":155,"unixTime":"50483853","co":48,"co2":59,"temp":23},
{"id":156,"unixTime":"59796367","co":46,"co2":1,"temp":56},
{"id":157,"unixTime":"61709891","co":1,"co2":13,"temp":5},
{"id":158,"unixTime":"59797940","co":51,"co2":4,"temp":88},
{"id":159,"unixTime":"43950812","co":66,"co2":34,"temp":75},
{"id":160,"unixTime":"59616654","co":94,"co2":11,"temp":80},
{"id":161,"unixTime":"49419968","co":42,"co2":68,"temp":13},
{"id":162,"unixTime":"42751358","co":48,"co2":42,"temp":93},
{"id":163,"unixTime":"47585788","co":69,"co2":27,"temp":35},
{"id":164,"unixTime":"49324294","co":21,"co2":3,"temp":79},
{"id":165,"unixTime":"44327524","co":29,"co2":91,"temp":23},
{"id":166,"unixTime":"51770344","co":77,"co2":79,"temp":11},
{"id":167,"unixTime":"63080904","co":51,"co2":70,"temp":68},
{"id":168,"unixTime":"49790811","co":69,"co2":32,"temp":100},
{"id":169,"unixTime":"58941661","co":63,"co2":28,"temp":10},
{"id":170,"unixTime":"60845372","co":72,"co2":39,"temp":16},
{"id":171,"unixTime":"45318300","co":11,"co2":71,"temp":22},
{"id":172,"unixTime":"58355181","co":21,"co2":27,"temp":57},
{"id":173,"unixTime":"39550215","co":28,"co2":85,"temp":53},
{"id":174,"unixTime":"65943574","co":65,"co2":5,"temp":53},
{"id":175,"unixTime":"53473931","co":47,"co2":78,"temp":13},
{"id":176,"unixTime":"63904876","co":62,"co2":92,"temp":90},
{"id":177,"unixTime":"40914478","co":90,"co2":29,"temp":100},
{"id":178,"unixTime":"57662546","co":74,"co2":76,"temp":12},
{"id":179,"unixTime":"54520962","co":100,"co2":53,"temp":21},
{"id":180,"unixTime":"62888561","co":61,"co2":86,"temp":94},
{"id":181,"unixTime":"57850129","co":54,"co2":47,"temp":81},
{"id":182,"unixTime":"59267206","co":28,"co2":76,"temp":27},
{"id":183,"unixTime":"60512184","co":39,"co2":59,"temp":16},
{"id":184,"unixTime":"46791171","co":2,"co2":75,"temp":88},
{"id":185,"unixTime":"51360696","co":12,"co2":60,"temp":12},
{"id":186,"unixTime":"46425013","co":46,"co2":61,"temp":84},
{"id":187,"unixTime":"68467067","co":63,"co2":20,"temp":50},
{"id":188,"unixTime":"51302775","co":81,"co2":77,"temp":77},
{"id":189,"unixTime":"63323358","co":21,"co2":92,"temp":68},
{"id":190,"unixTime":"65388986","co":60,"co2":43,"temp":97},
{"id":191,"unixTime":"41801691","co":75,"co2":89,"temp":65},
{"id":192,"unixTime":"55838135","co":78,"co2":80,"temp":36},
{"id":193,"unixTime":"67582656","co":65,"co2":43,"temp":28},
{"id":194,"unixTime":"51821747","co":32,"co2":32,"temp":34},
{"id":195,"unixTime":"54910769","co":60,"co2":67,"temp":2},
{"id":196,"unixTime":"51774284","co":8,"co2":20,"temp":52},
{"id":197,"unixTime":"62660333","co":31,"co2":53,"temp":74},
{"id":198,"unixTime":"51604327","co":61,"co2":27,"temp":9},
{"id":199,"unixTime":"46744641","co":89,"co2":49,"temp":89},
{"id":200,"unixTime":"41476874","co":41,"co2":83,"temp":94},
{"id":201,"unixTime":"56108216","co":3,"co2":9,"temp":31},
{"id":202,"unixTime":"68053212","co":79,"co2":38,"temp":86},
{"id":203,"unixTime":"68703985","co":29,"co2":69,"temp":20},
{"id":204,"unixTime":"65851369","co":86,"co2":74,"temp":48},
{"id":205,"unixTime":"50839339","co":3,"co2":58,"temp":88},
{"id":206,"unixTime":"63821833","co":73,"co2":97,"temp":15},
{"id":207,"unixTime":"52601081","co":95,"co2":60,"temp":5},
{"id":208,"unixTime":"58437093","co":33,"co2":48,"temp":2},
{"id":209,"unixTime":"39681839","co":95,"co2":73,"temp":35},
{"id":210,"unixTime":"40393259","co":24,"co2":57,"temp":27},
{"id":211,"unixTime":"63690976","co":5,"co2":27,"temp":20},
{"id":212,"unixTime":"48417557","co":23,"co2":24,"temp":83},
{"id":213,"unixTime":"67661520","co":54,"co2":70,"temp":16},
{"id":214,"unixTime":"66292716","co":50,"co2":9,"temp":37},
{"id":215,"unixTime":"63195399","co":15,"co2":12,"temp":61},
{"id":216,"unixTime":"39664914","co":98,"co2":33,"temp":16},
{"id":217,"unixTime":"41906326","co":71,"co2":54,"temp":81},
{"id":218,"unixTime":"66195769","co":30,"co2":89,"temp":98},
{"id":219,"unixTime":"50229257","co":99,"co2":75,"temp":53},
{"id":220,"unixTime":"52794683","co":79,"co2":51,"temp":88},
{"id":221,"unixTime":"56443704","co":43,"co2":29,"temp":41},
{"id":222,"unixTime":"41352579","co":30,"co2":82,"temp":2},
{"id":223,"unixTime":"41251018","co":21,"co2":16,"temp":32},
{"id":224,"unixTime":"66047521","co":48,"co2":80,"temp":93},
{"id":225,"unixTime":"59299856","co":6,"co2":90,"temp":88},
{"id":226,"unixTime":"61293489","co":9,"co2":2,"temp":77},
{"id":227,"unixTime":"61173784","co":15,"co2":73,"temp":75},
{"id":228,"unixTime":"60623230","co":25,"co2":95,"temp":18},
{"id":229,"unixTime":"59306511","co":16,"co2":64,"temp":78},
{"id":230,"unixTime":"41014575","co":86,"co2":20,"temp":80},
{"id":231,"unixTime":"56831299","co":68,"co2":35,"temp":10},
{"id":232,"unixTime":"41610335","co":46,"co2":53,"temp":27},
{"id":233,"unixTime":"43537272","co":48,"co2":86,"temp":39},
{"id":234,"unixTime":"68263772","co":44,"co2":42,"temp":54},
{"id":235,"unixTime":"68217265","co":27,"co2":4,"temp":80},
{"id":236,"unixTime":"59947696","co":56,"co2":59,"temp":80},
{"id":237,"unixTime":"56558672","co":20,"co2":30,"temp":76},
{"id":238,"unixTime":"62855811","co":95,"co2":83,"temp":1},
{"id":239,"unixTime":"40443207","co":90,"co2":58,"temp":21},
{"id":240,"unixTime":"50372052","co":64,"co2":6,"temp":15},
{"id":241,"unixTime":"46915879","co":6,"co2":79,"temp":70},
{"id":242,"unixTime":"58246548","co":19,"co2":9,"temp":80},
{"id":243,"unixTime":"50594852","co":15,"co2":85,"temp":26},
{"id":244,"unixTime":"43822739","co":37,"co2":36,"temp":4},
{"id":245,"unixTime":"42932794","co":68,"co2":89,"temp":93},
{"id":246,"unixTime":"42284964","co":39,"co2":53,"temp":96},
{"id":247,"unixTime":"67261909","co":95,"co2":9,"temp":100},
{"id":248,"unixTime":"58537156","co":82,"co2":1,"temp":70},
{"id":249,"unixTime":"58488261","co":31,"co2":9,"temp":39},
{"id":250,"unixTime":"61110627","co":67,"co2":28,"temp":75},
{"id":251,"unixTime":"69211769","co":95,"co2":5,"temp":14},
{"id":252,"unixTime":"60345272","co":24,"co2":55,"temp":68},
{"id":253,"unixTime":"40870275","co":55,"co2":100,"temp":77},
{"id":254,"unixTime":"50758130","co":69,"co2":17,"temp":71},
{"id":255,"unixTime":"62926639","co":47,"co2":73,"temp":67},
{"id":256,"unixTime":"64375880","co":70,"co2":51,"temp":26},
{"id":257,"unixTime":"60590235","co":72,"co2":32,"temp":23},
{"id":258,"unixTime":"40322791","co":99,"co2":54,"temp":38},
{"id":259,"unixTime":"51016","co":88,"co2":62,"temp":95},
{"id":260,"unixTime":"60770095","co":79,"co2":67,"temp":70},
{"id":261,"unixTime":"60083491","co":100,"co2":54,"temp":86},
{"id":262,"unixTime":"54650182","co":88,"co2":84,"temp":5},
{"id":263,"unixTime":"47693788","co":35,"co2":2,"temp":89},
{"id":264,"unixTime":"51975677","co":76,"co2":58,"temp":27},
{"id":265,"unixTime":"39272356","co":54,"co2":82,"temp":71},
{"id":266,"unixTime":"58261859","co":48,"co2":60,"temp":48},
{"id":267,"unixTime":"57162626","co":48,"co2":30,"temp":35},
{"id":268,"unixTime":"44286270","co":89,"co2":20,"temp":66},
{"id":269,"unixTime":"67211652","co":30,"co2":43,"temp":62},
{"id":270,"unixTime":"69410586","co":58,"co2":71,"temp":5},
{"id":271,"unixTime":"60273773","co":13,"co2":98,"temp":52},
{"id":272,"unixTime":"38507757","co":36,"co2":53,"temp":91},
{"id":273,"unixTime":"64915657","co":98,"co2":19,"temp":51},
{"id":274,"unixTime":"67838572","co":100,"co2":52,"temp":50},
{"id":275,"unixTime":"53242356","co":47,"co2":8,"temp":14},
{"id":276,"unixTime":"41765435","co":33,"co2":23,"temp":24},
{"id":277,"unixTime":"66810385","co":55,"co2":6,"temp":50},
{"id":278,"unixTime":"40628835","co":29,"co2":75,"temp":33},
{"id":279,"unixTime":"61623748","co":14,"co2":81,"temp":32},
{"id":280,"unixTime":"44748364","co":63,"co2":26,"temp":74},
{"id":281,"unixTime":"64309682","co":28,"co2":86,"temp":95},
{"id":282,"unixTime":"49156338","co":56,"co2":17,"temp":47},
{"id":283,"unixTime":"52708320","co":81,"co2":79,"temp":45},
{"id":284,"unixTime":"61650725","co":57,"co2":78,"temp":92},
{"id":285,"unixTime":"46211583","co":53,"co2":23,"temp":94},
{"id":286,"unixTime":"53781921","co":4,"co2":68,"temp":89},
{"id":287,"unixTime":"38686228","co":68,"co2":81,"temp":16},
{"id":288,"unixTime":"49763316","co":93,"co2":88,"temp":73},
{"id":289,"unixTime":"56537657","co":73,"co2":2,"temp":13},
{"id":290,"unixTime":"65035888","co":36,"co2":44,"temp":99},
{"id":291,"unixTime":"57902720","co":93,"co2":56,"temp":4},
{"id":292,"unixTime":"46415728","co":64,"co2":5,"temp":19},
{"id":293,"unixTime":"67763047","co":69,"co2":27,"temp":25},
{"id":294,"unixTime":"46382568","co":58,"co2":76,"temp":82},
{"id":295,"unixTime":"39237503","co":21,"co2":62,"temp":46},
{"id":296,"unixTime":"61286420","co":13,"co2":83,"temp":6},
{"id":297,"unixTime":"60646783","co":1,"co2":88,"temp":59},
{"id":298,"unixTime":"47693414","co":46,"co2":86,"temp":99},
{"id":299,"unixTime":"54307894","co":31,"co2":29,"temp":68},
{"id":300,"unixTime":"69497321","co":4,"co2":92,"temp":57},
{"id":301,"unixTime":"58280547","co":28,"co2":38,"temp":56},
{"id":302,"unixTime":"42610380","co":87,"co2":10,"temp":57},
{"id":303,"unixTime":"40496820","co":9,"co2":63,"temp":67},
{"id":304,"unixTime":"58106358","co":43,"co2":88,"temp":55},
{"id":305,"unixTime":"45711321","co":17,"co2":20,"temp":5},
{"id":306,"unixTime":"43518417","co":33,"co2":55,"temp":95},
{"id":307,"unixTime":"43653652","co":30,"co2":52,"temp":36},
{"id":308,"unixTime":"44632418","co":19,"co2":79,"temp":47},
{"id":309,"unixTime":"39154874","co":90,"co2":85,"temp":20},
{"id":310,"unixTime":"47123449","co":77,"co2":44,"temp":63},
{"id":311,"unixTime":"65449082","co":26,"co2":21,"temp":7},
{"id":312,"unixTime":"62245104","co":8,"co2":61,"temp":1},
{"id":313,"unixTime":"52619370","co":78,"co2":81,"temp":34},
{"id":314,"unixTime":"60101443","co":56,"co2":90,"temp":75},
{"id":315,"unixTime":"54171567","co":93,"co2":76,"temp":56},
{"id":316,"unixTime":"48579207","co":79,"co2":50,"temp":82},
{"id":317,"unixTime":"66373845","co":17,"co2":84,"temp":76},
{"id":318,"unixTime":"56235590","co":98,"co2":42,"temp":85},
{"id":319,"unixTime":"46958633","co":57,"co2":100,"temp":90},
{"id":320,"unixTime":"64523240","co":83,"co2":24,"temp":69},
{"id":321,"unixTime":"47658912","co":97,"co2":37,"temp":64},
{"id":322,"unixTime":"44895500","co":75,"co2":69,"temp":68},
{"id":323,"unixTime":"58797490","co":63,"co2":81,"temp":5},
{"id":324,"unixTime":"42025312","co":83,"co2":54,"temp":59},
{"id":325,"unixTime":"53067937","co":83,"co2":68,"temp":17},
{"id":326,"unixTime":"58355231","co":37,"co2":89,"temp":84},
{"id":327,"unixTime":"59352700","co":100,"co2":84,"temp":24},
{"id":328,"unixTime":"43613616","co":85,"co2":75,"temp":32},
{"id":329,"unixTime":"51421249","co":32,"co2":85,"temp":48},
{"id":330,"unixTime":"66493107","co":66,"co2":88,"temp":35},
{"id":331,"unixTime":"49407017","co":35,"co2":41,"temp":16},
{"id":332,"unixTime":"67248906","co":89,"co2":23,"temp":50},
{"id":333,"unixTime":"67572084","co":4,"co2":22,"temp":10},
{"id":334,"unixTime":"64691600","co":35,"co2":44,"temp":24},
{"id":335,"unixTime":"39241275","co":15,"co2":98,"temp":57},
{"id":336,"unixTime":"40672691","co":52,"co2":12,"temp":82},
{"id":337,"unixTime":"54304225","co":20,"co2":55,"temp":19},
{"id":338,"unixTime":"50233726","co":92,"co2":11,"temp":15},
{"id":339,"unixTime":"50368187","co":64,"co2":11,"temp":52},
{"id":340,"unixTime":"40030399","co":79,"co2":95,"temp":93},
{"id":341,"unixTime":"55695793","co":64,"co2":48,"temp":47},
{"id":342,"unixTime":"60849596","co":40,"co2":1,"temp":59},
{"id":343,"unixTime":"59159818","co":3,"co2":29,"temp":6},
{"id":344,"unixTime":"42908175","co":76,"co2":48,"temp":23},
{"id":345,"unixTime":"43065936","co":99,"co2":59,"temp":91},
{"id":346,"unixTime":"52857190","co":78,"co2":51,"temp":1},
{"id":347,"unixTime":"58740853","co":55,"co2":48,"temp":34},
{"id":348,"unixTime":"51923324","co":55,"co2":75,"temp":86},
{"id":349,"unixTime":"50059175","co":20,"co2":55,"temp":28},
{"id":350,"unixTime":"56841344","co":10,"co2":4,"temp":36},
{"id":351,"unixTime":"54540024","co":9,"co2":79,"temp":92},
{"id":352,"unixTime":"66749320","co":57,"co2":8,"temp":42},
{"id":353,"unixTime":"65371833","co":71,"co2":7,"temp":68},
{"id":354,"unixTime":"58140895","co":94,"co2":52,"temp":91},
{"id":355,"unixTime":"61103632","co":99,"co2":37,"temp":60},
{"id":356,"unixTime":"41692328","co":25,"co2":1,"temp":67},
{"id":357,"unixTime":"40828384","co":45,"co2":23,"temp":75},
{"id":358,"unixTime":"49338329","co":46,"co2":22,"temp":4},
{"id":359,"unixTime":"54879507","co":54,"co2":100,"temp":55},
{"id":360,"unixTime":"43593468","co":49,"co2":5,"temp":84},
{"id":361,"unixTime":"68536476","co":28,"co2":57,"temp":48},
{"id":362,"unixTime":"49590150","co":86,"co2":52,"temp":27},
{"id":363,"unixTime":"51875662","co":53,"co2":64,"temp":17},
{"id":364,"unixTime":"50946077","co":63,"co2":55,"temp":34},
{"id":365,"unixTime":"46643093","co":72,"co2":94,"temp":57},
{"id":366,"unixTime":"49830846","co":95,"co2":95,"temp":62},
{"id":367,"unixTime":"55258442","co":43,"co2":53,"temp":75},
{"id":368,"unixTime":"59232579","co":49,"co2":61,"temp":4},
{"id":369,"unixTime":"57159918","co":54,"co2":9,"temp":46},
{"id":370,"unixTime":"53807448","co":36,"co2":38,"temp":32},
{"id":371,"unixTime":"62237008","co":4,"co2":71,"temp":61},
{"id":372,"unixTime":"39101739","co":1,"co2":21,"temp":87},
{"id":373,"unixTime":"65789641","co":58,"co2":28,"temp":83},
{"id":374,"unixTime":"54892440","co":61,"co2":50,"temp":13},
{"id":375,"unixTime":"62140318","co":62,"co2":45,"temp":92},
{"id":376,"unixTime":"68095496","co":36,"co2":11,"temp":78},
{"id":377,"unixTime":"56511187","co":56,"co2":35,"temp":29},
{"id":378,"unixTime":"59425115","co":52,"co2":99,"temp":26},
{"id":379,"unixTime":"56506967","co":3,"co2":93,"temp":25},
{"id":380,"unixTime":"68756706","co":84,"co2":19,"temp":22},
{"id":381,"unixTime":"45841963","co":10,"co2":57,"temp":97},
{"id":382,"unixTime":"38544372","co":44,"co2":64,"temp":78},
{"id":383,"unixTime":"51560951","co":1,"co2":82,"temp":55},
{"id":384,"unixTime":"45585499","co":92,"co2":3,"temp":5},
{"id":385,"unixTime":"45733464","co":34,"co2":31,"temp":78},
{"id":386,"unixTime":"42093710","co":19,"co2":15,"temp":25},
{"id":387,"unixTime":"68098563","co":85,"co2":94,"temp":96},
{"id":388,"unixTime":"58581447","co":67,"co2":93,"temp":12},
{"id":389,"unixTime":"51020093","co":58,"co2":81,"temp":3},
{"id":390,"unixTime":"48509739","co":33,"co2":18,"temp":91},
{"id":391,"unixTime":"40932620","co":38,"co2":29,"temp":82},
{"id":392,"unixTime":"69664767","co":75,"co2":25,"temp":44},
{"id":393,"unixTime":"49014340","co":46,"co2":91,"temp":45},
{"id":394,"unixTime":"61943967","co":94,"co2":5,"temp":31},
{"id":395,"unixTime":"64840523","co":77,"co2":32,"temp":26},
{"id":396,"unixTime":"44534899","co":11,"co2":40,"temp":35},
{"id":397,"unixTime":"62606178","co":3,"co2":74,"temp":76},
{"id":398,"unixTime":"61322604","co":12,"co2":34,"temp":27},
{"id":399,"unixTime":"40435932","co":70,"co2":57,"temp":55},
{"id":400,"unixTime":"42675108","co":52,"co2":58,"temp":53},
{"id":401,"unixTime":"57664136","co":87,"co2":64,"temp":88},
{"id":402,"unixTime":"43830962","co":24,"co2":13,"temp":3},
{"id":403,"unixTime":"66102097","co":28,"co2":50,"temp":20},
{"id":404,"unixTime":"43390881","co":27,"co2":52,"temp":96},
{"id":405,"unixTime":"63717539","co":28,"co2":9,"temp":19},
{"id":406,"unixTime":"54130225","co":96,"co2":83,"temp":17},
{"id":407,"unixTime":"45162672","co":44,"co2":38,"temp":39},
{"id":408,"unixTime":"61115974","co":27,"co2":94,"temp":24},
{"id":409,"unixTime":"67521250","co":92,"co2":35,"temp":25},
{"id":410,"unixTime":"45375789","co":36,"co2":44,"temp":70},
{"id":411,"unixTime":"52961343","co":89,"co2":29,"temp":90},
{"id":412,"unixTime":"57286479","co":95,"co2":30,"temp":67},
{"id":413,"unixTime":"50010621","co":4,"co2":40,"temp":9},
{"id":414,"unixTime":"41208869","co":11,"co2":44,"temp":31},
{"id":415,"unixTime":"57836252","co":44,"co2":27,"temp":50},
{"id":416,"unixTime":"63599204","co":62,"co2":87,"temp":99},
{"id":417,"unixTime":"60596858","co":67,"co2":74,"temp":92},
{"id":418,"unixTime":"45957439","co":88,"co2":5,"temp":1},
{"id":419,"unixTime":"47034934","co":37,"co2":90,"temp":58},
{"id":420,"unixTime":"68546129","co":47,"co2":27,"temp":44},
{"id":421,"unixTime":"59054574","co":25,"co2":58,"temp":97},
{"id":422,"unixTime":"44764838","co":75,"co2":29,"temp":36},
{"id":423,"unixTime":"65092023","co":52,"co2":29,"temp":22},
{"id":424,"unixTime":"48807979","co":57,"co2":48,"temp":76},
{"id":425,"unixTime":"48281100","co":36,"co2":71,"temp":13},
{"id":426,"unixTime":"67296791","co":1,"co2":70,"temp":97},
{"id":427,"unixTime":"48436629","co":7,"co2":2,"temp":13},
{"id":428,"unixTime":"59431479","co":13,"co2":85,"temp":56},
{"id":429,"unixTime":"64916050","co":60,"co2":72,"temp":58},
{"id":430,"unixTime":"66854593","co":48,"co2":44,"temp":51},
{"id":431,"unixTime":"41914414","co":33,"co2":79,"temp":64},
{"id":432,"unixTime":"53644976","co":95,"co2":61,"temp":68},
{"id":433,"unixTime":"59644273","co":44,"co2":72,"temp":46},
{"id":434,"unixTime":"63504851","co":61,"co2":8,"temp":60},
{"id":435,"unixTime":"54329375","co":12,"co2":50,"temp":51},
{"id":436,"unixTime":"59019781","co":59,"co2":6,"temp":10},
{"id":437,"unixTime":"61764580","co":39,"co2":75,"temp":40},
{"id":438,"unixTime":"67039433","co":37,"co2":83,"temp":95},
{"id":439,"unixTime":"68610807","co":41,"co2":76,"temp":91},
{"id":440,"unixTime":"65623258","co":83,"co2":42,"temp":99},
{"id":441,"unixTime":"44151526","co":45,"co2":68,"temp":8},
{"id":442,"unixTime":"58694691","co":48,"co2":29,"temp":67},
{"id":443,"unixTime":"39553418","co":17,"co2":41,"temp":55},
{"id":444,"unixTime":"51834095","co":54,"co2":10,"temp":2},
{"id":445,"unixTime":"65239664","co":46,"co2":58,"temp":77},
{"id":446,"unixTime":"46643969","co":43,"co2":62,"temp":38},
{"id":447,"unixTime":"46825608","co":31,"co2":24,"temp":10},
{"id":448,"unixTime":"53228809","co":4,"co2":49,"temp":67},
{"id":449,"unixTime":"48042003","co":60,"co2":76,"temp":66},
{"id":450,"unixTime":"64055893","co":75,"co2":9,"temp":38},
{"id":451,"unixTime":"44743465","co":39,"co2":76,"temp":100},
{"id":452,"unixTime":"63522825","co":79,"co2":71,"temp":57},
{"id":453,"unixTime":"46314954","co":95,"co2":27,"temp":86},
{"id":454,"unixTime":"68914271","co":2,"co2":78,"temp":38},
{"id":455,"unixTime":"62477446","co":71,"co2":78,"temp":84},
{"id":456,"unixTime":"61934356","co":96,"co2":44,"temp":80},
{"id":457,"unixTime":"68682376","co":13,"co2":95,"temp":99},
{"id":458,"unixTime":"52790275","co":16,"co2":17,"temp":76},
{"id":459,"unixTime":"66824830","co":62,"co2":92,"temp":72},
{"id":460,"unixTime":"48986943","co":47,"co2":51,"temp":7},
{"id":461,"unixTime":"68304456","co":24,"co2":18,"temp":77},
{"id":462,"unixTime":"40216790","co":78,"co2":28,"temp":64},
{"id":463,"unixTime":"42716518","co":27,"co2":88,"temp":78},
{"id":464,"unixTime":"69782136","co":57,"co2":69,"temp":9},
{"id":465,"unixTime":"62046397","co":25,"co2":2,"temp":2},
{"id":466,"unixTime":"67109040","co":25,"co2":77,"temp":30},
{"id":467,"unixTime":"43820342","co":45,"co2":73,"temp":23},
{"id":468,"unixTime":"60718191","co":75,"co2":26,"temp":70},
{"id":469,"unixTime":"38704628","co":95,"co2":17,"temp":70},
{"id":470,"unixTime":"58144959","co":96,"co2":76,"temp":25},
{"id":471,"unixTime":"60530968","co":20,"co2":38,"temp":98},
{"id":472,"unixTime":"50966867","co":10,"co2":49,"temp":40},
{"id":473,"unixTime":"45214059","co":68,"co2":81,"temp":14},
{"id":474,"unixTime":"42435157","co":56,"co2":92,"temp":15},
{"id":475,"unixTime":"43311778","co":79,"co2":82,"temp":66},
{"id":476,"unixTime":"65304231","co":80,"co2":86,"temp":11},
{"id":477,"unixTime":"68803543","co":48,"co2":6,"temp":61},
{"id":478,"unixTime":"48721279","co":44,"co2":41,"temp":37},
{"id":479,"unixTime":"68828254","co":9,"co2":82,"temp":67},
{"id":480,"unixTime":"52995382","co":84,"co2":39,"temp":78},
{"id":481,"unixTime":"65131041","co":58,"co2":58,"temp":75},
{"id":482,"unixTime":"42636931","co":85,"co2":40,"temp":38},
{"id":483,"unixTime":"65262117","co":39,"co2":30,"temp":14},
{"id":484,"unixTime":"69404765","co":27,"co2":37,"temp":79},
{"id":485,"unixTime":"45262094","co":22,"co2":24,"temp":37},
{"id":486,"unixTime":"64816549","co":39,"co2":75,"temp":9},
{"id":487,"unixTime":"65747499","co":53,"co2":91,"temp":44},
{"id":488,"unixTime":"50750755","co":71,"co2":92,"temp":64},
{"id":489,"unixTime":"69071585","co":8,"co2":26,"temp":68},
{"id":490,"unixTime":"40627876","co":94,"co2":19,"temp":56},
{"id":491,"unixTime":"67782660","co":52,"co2":76,"temp":92},
{"id":492,"unixTime":"43266918","co":87,"co2":11,"temp":77},
{"id":493,"unixTime":"53059738","co":51,"co2":30,"temp":60},
{"id":494,"unixTime":"39099512","co":46,"co2":89,"temp":58},
{"id":495,"unixTime":"55932176","co":89,"co2":66,"temp":85},
{"id":496,"unixTime":"57618512","co":87,"co2":95,"temp":23},
{"id":497,"unixTime":"68024739","co":65,"co2":92,"temp":5},
{"id":498,"unixTime":"52749027","co":58,"co2":77,"temp":56},
{"id":499,"unixTime":"59135203","co":19,"co2":7,"temp":77},
{"id":500,"unixTime":"56875147","co":35,"co2":71,"temp":9},
{"id":501,"unixTime":"43426121","co":13,"co2":63,"temp":1},
{"id":502,"unixTime":"59725874","co":52,"co2":52,"temp":69},
{"id":503,"unixTime":"44031667","co":30,"co2":28,"temp":13},
{"id":504,"unixTime":"47907792","co":22,"co2":90,"temp":93},
{"id":505,"unixTime":"45615387","co":55,"co2":54,"temp":80},
{"id":506,"unixTime":"41273848","co":69,"co2":88,"temp":10},
{"id":507,"unixTime":"39223192","co":43,"co2":27,"temp":28},
{"id":508,"unixTime":"64486015","co":54,"co2":48,"temp":24},
{"id":509,"unixTime":"45934456","co":6,"co2":60,"temp":24},
{"id":510,"unixTime":"59034946","co":42,"co2":5,"temp":38},
{"id":511,"unixTime":"42758037","co":44,"co2":33,"temp":55},
{"id":512,"unixTime":"49115654","co":63,"co2":30,"temp":47},
{"id":513,"unixTime":"60688364","co":44,"co2":29,"temp":75},
{"id":514,"unixTime":"54845636","co":54,"co2":38,"temp":3},
{"id":515,"unixTime":"39193870","co":51,"co2":30,"temp":95},
{"id":516,"unixTime":"59887455","co":18,"co2":53,"temp":97},
{"id":517,"unixTime":"62711837","co":47,"co2":86,"temp":55},
{"id":518,"unixTime":"43563160","co":41,"co2":58,"temp":44},
{"id":519,"unixTime":"64530459","co":45,"co2":10,"temp":3},
{"id":520,"unixTime":"50806209","co":85,"co2":50,"temp":99},
{"id":521,"unixTime":"59213508","co":99,"co2":41,"temp":53},
{"id":522,"unixTime":"44504405","co":100,"co2":64,"temp":90},
{"id":523,"unixTime":"63757","co":62,"co2":58,"temp":60},
{"id":524,"unixTime":"40472075","co":99,"co2":20,"temp":25},
{"id":525,"unixTime":"65460971","co":58,"co2":90,"temp":63},
{"id":526,"unixTime":"46903709","co":66,"co2":92,"temp":12},
{"id":527,"unixTime":"57934355","co":67,"co2":5,"temp":5},
{"id":528,"unixTime":"44627148","co":53,"co2":73,"temp":16},
{"id":529,"unixTime":"51285511","co":29,"co2":54,"temp":99},
{"id":530,"unixTime":"64759618","co":76,"co2":52,"temp":61},
{"id":531,"unixTime":"54071806","co":50,"co2":60,"temp":53},
{"id":532,"unixTime":"46094980","co":52,"co2":27,"temp":21},
{"id":533,"unixTime":"64487401","co":75,"co2":15,"temp":60},
{"id":534,"unixTime":"67039084","co":87,"co2":47,"temp":20},
{"id":535,"unixTime":"42753821","co":66,"co2":26,"temp":28},
{"id":536,"unixTime":"56957221","co":57,"co2":24,"temp":19},
{"id":537,"unixTime":"56604603","co":96,"co2":67,"temp":51},
{"id":538,"unixTime":"68198543","co":83,"co2":76,"temp":47},
{"id":539,"unixTime":"54596085","co":89,"co2":17,"temp":61},
{"id":540,"unixTime":"67039642","co":79,"co2":94,"temp":76},
{"id":541,"unixTime":"68189295","co":7,"co2":43,"temp":9},
{"id":542,"unixTime":"40668103","co":85,"co2":48,"temp":43},
{"id":543,"unixTime":"58744686","co":67,"co2":56,"temp":52},
{"id":544,"unixTime":"64401137","co":75,"co2":98,"temp":12},
{"id":545,"unixTime":"40393126","co":32,"co2":96,"temp":63},
{"id":546,"unixTime":"46620947","co":92,"co2":57,"temp":1},
{"id":547,"unixTime":"41859642","co":90,"co2":58,"temp":86},
{"id":548,"unixTime":"45434791","co":14,"co2":66,"temp":37},
{"id":549,"unixTime":"56494215","co":41,"co2":19,"temp":75},
{"id":550,"unixTime":"69447416","co":50,"co2":21,"temp":52},
{"id":551,"unixTime":"41142194","co":70,"co2":34,"temp":5},
{"id":552,"unixTime":"61679570","co":15,"co2":76,"temp":17},
{"id":553,"unixTime":"57739983","co":66,"co2":70,"temp":28},
{"id":554,"unixTime":"67692364","co":24,"co2":100,"temp":83},
{"id":555,"unixTime":"64384627","co":20,"co2":61,"temp":93},
{"id":556,"unixTime":"50949908","co":65,"co2":29,"temp":54},
{"id":557,"unixTime":"44505635","co":32,"co2":7,"temp":93},
{"id":558,"unixTime":"44055998","co":75,"co2":25,"temp":84},
{"id":559,"unixTime":"66417008","co":42,"co2":93,"temp":19},
{"id":560,"unixTime":"49615125","co":29,"co2":18,"temp":69},
{"id":561,"unixTime":"43866363","co":7,"co2":7,"temp":95},
{"id":562,"unixTime":"44839233","co":11,"co2":42,"temp":58},
{"id":563,"unixTime":"43347615","co":35,"co2":27,"temp":27},
{"id":564,"unixTime":"63866217","co":74,"co2":43,"temp":28},
{"id":565,"unixTime":"52139193","co":35,"co2":40,"temp":82},
{"id":566,"unixTime":"64054582","co":34,"co2":28,"temp":10},
{"id":567,"unixTime":"67880416","co":34,"co2":56,"temp":67},
{"id":568,"unixTime":"41807920","co":64,"co2":77,"temp":98},
{"id":569,"unixTime":"58969317","co":2,"co2":71,"temp":21},
{"id":570,"unixTime":"45358313","co":7,"co2":85,"temp":94},
{"id":571,"unixTime":"65794416","co":69,"co2":93,"temp":37},
{"id":572,"unixTime":"63053638","co":99,"co2":44,"temp":31},
{"id":573,"unixTime":"58330138","co":44,"co2":98,"temp":65},
{"id":574,"unixTime":"49422304","co":20,"co2":39,"temp":34},
{"id":575,"unixTime":"46440280","co":85,"co2":31,"temp":21},
{"id":576,"unixTime":"46645420","co":12,"co2":23,"temp":61},
{"id":577,"unixTime":"48437678","co":58,"co2":28,"temp":7},
{"id":578,"unixTime":"46969434","co":36,"co2":29,"temp":60},
{"id":579,"unixTime":"47801661","co":60,"co2":96,"temp":82},
{"id":580,"unixTime":"39472234","co":49,"co2":17,"temp":22},
{"id":581,"unixTime":"63746573","co":86,"co2":39,"temp":79},
{"id":582,"unixTime":"66588654","co":55,"co2":28,"temp":8},
{"id":583,"unixTime":"66002770","co":80,"co2":17,"temp":94},
{"id":584,"unixTime":"57475930","co":83,"co2":6,"temp":62},
{"id":585,"unixTime":"69581739","co":23,"co2":63,"temp":71},
{"id":586,"unixTime":"52189136","co":36,"co2":41,"temp":37},
{"id":587,"unixTime":"47576648","co":84,"co2":29,"temp":69},
{"id":588,"unixTime":"64635687","co":64,"co2":58,"temp":98},
{"id":589,"unixTime":"38496468","co":25,"co2":14,"temp":50},
{"id":590,"unixTime":"49221309","co":14,"co2":56,"temp":43},
{"id":591,"unixTime":"42587349","co":97,"co2":13,"temp":15},
{"id":592,"unixTime":"68611279","co":43,"co2":69,"temp":65},
{"id":593,"unixTime":"52681336","co":75,"co2":31,"temp":56},
{"id":594,"unixTime":"55224061","co":57,"co2":94,"temp":81},
{"id":595,"unixTime":"44938594","co":83,"co2":81,"temp":22},
{"id":596,"unixTime":"47270113","co":75,"co2":95,"temp":19},
{"id":597,"unixTime":"54315062","co":61,"co2":41,"temp":86},
{"id":598,"unixTime":"63832702","co":91,"co2":73,"temp":33},
{"id":599,"unixTime":"39837648","co":99,"co2":11,"temp":54},
{"id":600,"unixTime":"41168551","co":27,"co2":45,"temp":26},
{"id":601,"unixTime":"39377086","co":11,"co2":26,"temp":72},
{"id":602,"unixTime":"64731511","co":56,"co2":45,"temp":30},
{"id":603,"unixTime":"65866494","co":31,"co2":1,"temp":14},
{"id":604,"unixTime":"45303200","co":39,"co2":21,"temp":38},
{"id":605,"unixTime":"59220053","co":23,"co2":79,"temp":63},
{"id":606,"unixTime":"46463992","co":66,"co2":98,"temp":26},
{"id":607,"unixTime":"50916117","co":61,"co2":65,"temp":12},
{"id":608,"unixTime":"40309624","co":96,"co2":82,"temp":93},
{"id":609,"unixTime":"47170084","co":13,"co2":3,"temp":44},
{"id":610,"unixTime":"54045402","co":91,"co2":94,"temp":82},
{"id":611,"unixTime":"65936569","co":8,"co2":1,"temp":28},
{"id":612,"unixTime":"48605232","co":28,"co2":83,"temp":39},
{"id":613,"unixTime":"52319275","co":29,"co2":40,"temp":13},
{"id":614,"unixTime":"51910260","co":10,"co2":72,"temp":5},
{"id":615,"unixTime":"41795420","co":35,"co2":96,"temp":16},
{"id":616,"unixTime":"54164275","co":18,"co2":60,"temp":44},
{"id":617,"unixTime":"62230105","co":75,"co2":12,"temp":98},
{"id":618,"unixTime":"63869304","co":23,"co2":84,"temp":47},
{"id":619,"unixTime":"39847275","co":94,"co2":41,"temp":20},
{"id":620,"unixTime":"47062487","co":1,"co2":69,"temp":80},
{"id":621,"unixTime":"56687480","co":7,"co2":79,"temp":48},
{"id":622,"unixTime":"55038589","co":89,"co2":49,"temp":51},
{"id":623,"unixTime":"58746627","co":44,"co2":2,"temp":22},
{"id":624,"unixTime":"55437776","co":19,"co2":80,"temp":36},
{"id":625,"unixTime":"46867522","co":4,"co2":46,"temp":72},
{"id":626,"unixTime":"44292389","co":29,"co2":82,"temp":39},
{"id":627,"unixTime":"60342910","co":81,"co2":80,"temp":100},
{"id":628,"unixTime":"40983110","co":89,"co2":31,"temp":49},
{"id":629,"unixTime":"51092858","co":60,"co2":9,"temp":81},
{"id":630,"unixTime":"52713256","co":99,"co2":44,"temp":5},
{"id":631,"unixTime":"62675003","co":32,"co2":48,"temp":83},
{"id":632,"unixTime":"58729018","co":9,"co2":52,"temp":95},
{"id":633,"unixTime":"48608878","co":95,"co2":59,"temp":29},
{"id":634,"unixTime":"41035459","co":35,"co2":99,"temp":36},
{"id":635,"unixTime":"39885859","co":23,"co2":32,"temp":24},
{"id":636,"unixTime":"65397193","co":25,"co2":21,"temp":73},
{"id":637,"unixTime":"42272401","co":29,"co2":38,"temp":89},
{"id":638,"unixTime":"68330130","co":95,"co2":67,"temp":59},
{"id":639,"unixTime":"60690235","co":37,"co2":35,"temp":64},
{"id":640,"unixTime":"42408568","co":89,"co2":46,"temp":41},
{"id":641,"unixTime":"57805197","co":90,"co2":78,"temp":88},
{"id":642,"unixTime":"39320711","co":98,"co2":53,"temp":24},
{"id":643,"unixTime":"49057958","co":13,"co2":19,"temp":36},
{"id":644,"unixTime":"66837140","co":90,"co2":63,"temp":35},
{"id":645,"unixTime":"67873816","co":95,"co2":40,"temp":99},
{"id":646,"unixTime":"64332363","co":60,"co2":70,"temp":59},
{"id":647,"unixTime":"43218712","co":48,"co2":3,"temp":76},
{"id":648,"unixTime":"64954017","co":33,"co2":3,"temp":17},
{"id":649,"unixTime":"42893968","co":53,"co2":4,"temp":22},
{"id":650,"unixTime":"52136382","co":83,"co2":86,"temp":53},
{"id":651,"unixTime":"59537664","co":82,"co2":98,"temp":59},
{"id":652,"unixTime":"38888973","co":93,"co2":67,"temp":95},
{"id":653,"unixTime":"57771722","co":61,"co2":4,"temp":78},
{"id":654,"unixTime":"58954917","co":83,"co2":41,"temp":93},
{"id":655,"unixTime":"63858073","co":5,"co2":16,"temp":67},
{"id":656,"unixTime":"41558158","co":82,"co2":100,"temp":73},
{"id":657,"unixTime":"65228140","co":2,"co2":68,"temp":69},
{"id":658,"unixTime":"57401164","co":69,"co2":83,"temp":71},
{"id":659,"unixTime":"51605372","co":53,"co2":2,"temp":67},
{"id":660,"unixTime":"39634041","co":90,"co2":31,"temp":29},
{"id":661,"unixTime":"63343927","co":60,"co2":37,"temp":43},
{"id":662,"unixTime":"60417054","co":11,"co2":15,"temp":76},
{"id":663,"unixTime":"47496428","co":38,"co2":43,"temp":6},
{"id":664,"unixTime":"60033670","co":97,"co2":12,"temp":28},
{"id":665,"unixTime":"58913915","co":17,"co2":80,"temp":54},
{"id":666,"unixTime":"58944179","co":14,"co2":19,"temp":28},
{"id":667,"unixTime":"67366189","co":16,"co2":33,"temp":59},
{"id":668,"unixTime":"42485658","co":71,"co2":26,"temp":48},
{"id":669,"unixTime":"55185051","co":44,"co2":31,"temp":86},
{"id":670,"unixTime":"42627108","co":67,"co2":37,"temp":8},
{"id":671,"unixTime":"51604971","co":6,"co2":12,"temp":29},
{"id":672,"unixTime":"62565580","co":36,"co2":30,"temp":10},
{"id":673,"unixTime":"40208728","co":49,"co2":97,"temp":10},
{"id":674,"unixTime":"56137953","co":20,"co2":11,"temp":71},
{"id":675,"unixTime":"62631627","co":25,"co2":61,"temp":96},
{"id":676,"unixTime":"54007413","co":37,"co2":88,"temp":79},
{"id":677,"unixTime":"64758830","co":63,"co2":45,"temp":92},
{"id":678,"unixTime":"47413672","co":21,"co2":66,"temp":39},
{"id":679,"unixTime":"65270850","co":63,"co2":32,"temp":83},
{"id":680,"unixTime":"59127470","co":14,"co2":31,"temp":61},
{"id":681,"unixTime":"39395087","co":99,"co2":12,"temp":1},
{"id":682,"unixTime":"52600762","co":28,"co2":20,"temp":23},
{"id":683,"unixTime":"62718472","co":76,"co2":59,"temp":72},
{"id":684,"unixTime":"46846421","co":27,"co2":45,"temp":93},
{"id":685,"unixTime":"62064070","co":7,"co2":8,"temp":6},
{"id":686,"unixTime":"65094735","co":45,"co2":19,"temp":63},
{"id":687,"unixTime":"60574783","co":44,"co2":63,"temp":20},
{"id":688,"unixTime":"67788034","co":44,"co2":85,"temp":77},
{"id":689,"unixTime":"40859211","co":71,"co2":75,"temp":38},
{"id":690,"unixTime":"48696050","co":24,"co2":78,"temp":39},
{"id":691,"unixTime":"39087479","co":27,"co2":38,"temp":32},
{"id":692,"unixTime":"55906987","co":11,"co2":31,"temp":91},
{"id":693,"unixTime":"54983097","co":16,"co2":92,"temp":74},
{"id":694,"unixTime":"52057435","co":39,"co2":59,"temp":2},
{"id":695,"unixTime":"52961371","co":54,"co2":18,"temp":89},
{"id":696,"unixTime":"41603681","co":88,"co2":83,"temp":27},
{"id":697,"unixTime":"50070392","co":82,"co2":1,"temp":39},
{"id":698,"unixTime":"45702533","co":62,"co2":54,"temp":9},
{"id":699,"unixTime":"59487405","co":82,"co2":12,"temp":44},
{"id":700,"unixTime":"64112778","co":66,"co2":42,"temp":82},
{"id":701,"unixTime":"50068828","co":78,"co2":21,"temp":100},
{"id":702,"unixTime":"56153469","co":43,"co2":79,"temp":75},
{"id":703,"unixTime":"57293244","co":80,"co2":25,"temp":56},
{"id":704,"unixTime":"54187894","co":94,"co2":43,"temp":58},
{"id":705,"unixTime":"42631900","co":95,"co2":18,"temp":43},
{"id":706,"unixTime":"47915632","co":46,"co2":86,"temp":76},
{"id":707,"unixTime":"50353766","co":89,"co2":81,"temp":40},
{"id":708,"unixTime":"61600583","co":54,"co2":68,"temp":58},
{"id":709,"unixTime":"56065871","co":49,"co2":45,"temp":90},
{"id":710,"unixTime":"59574267","co":12,"co2":39,"temp":63},
{"id":711,"unixTime":"47881058","co":34,"co2":80,"temp":42},
{"id":712,"unixTime":"62105289","co":36,"co2":87,"temp":16},
{"id":713,"unixTime":"52049024","co":35,"co2":34,"temp":79},
{"id":714,"unixTime":"44976768","co":79,"co2":53,"temp":57},
{"id":715,"unixTime":"41564227","co":60,"co2":9,"temp":54},
{"id":716,"unixTime":"63002100","co":30,"co2":72,"temp":58},
{"id":717,"unixTime":"63218178","co":21,"co2":11,"temp":57},
{"id":718,"unixTime":"55641385","co":82,"co2":59,"temp":79},
{"id":719,"unixTime":"64278359","co":77,"co2":75,"temp":27},
{"id":720,"unixTime":"47306812","co":97,"co2":68,"temp":45},
{"id":721,"unixTime":"46760054","co":7,"co2":66,"temp":23},
{"id":722,"unixTime":"63059848","co":80,"co2":58,"temp":79},
{"id":723,"unixTime":"54086218","co":17,"co2":89,"temp":87},
{"id":724,"unixTime":"49529030","co":58,"co2":9,"temp":80},
{"id":725,"unixTime":"53449858","co":84,"co2":37,"temp":19},
{"id":726,"unixTime":"61938162","co":36,"co2":96,"temp":88},
{"id":727,"unixTime":"55515787","co":10,"co2":89,"temp":49},
{"id":728,"unixTime":"46916411","co":77,"co2":19,"temp":49},
{"id":729,"unixTime":"43151260","co":38,"co2":13,"temp":80},
{"id":730,"unixTime":"69426586","co":67,"co2":10,"temp":66},
{"id":731,"unixTime":"43859315","co":56,"co2":84,"temp":33},
{"id":732,"unixTime":"59601337","co":39,"co2":33,"temp":37},
{"id":733,"unixTime":"69491350","co":42,"co2":3,"temp":66},
{"id":734,"unixTime":"50449413","co":27,"co2":52,"temp":17},
{"id":735,"unixTime":"43077147","co":35,"co2":9,"temp":15},
{"id":736,"unixTime":"48961632","co":50,"co2":75,"temp":38},
{"id":737,"unixTime":"42022327","co":61,"co2":52,"temp":61},
{"id":738,"unixTime":"40196366","co":55,"co2":76,"temp":69},
{"id":739,"unixTime":"45767032","co":70,"co2":50,"temp":96},
{"id":740,"unixTime":"66320275","co":21,"co2":88,"temp":50},
{"id":741,"unixTime":"69694246","co":59,"co2":94,"temp":85},
{"id":742,"unixTime":"49022432","co":56,"co2":21,"temp":40},
{"id":743,"unixTime":"61644422","co":59,"co2":24,"temp":27},
{"id":744,"unixTime":"66339912","co":35,"co2":50,"temp":40},
{"id":745,"unixTime":"47664628","co":32,"co2":10,"temp":7},
{"id":746,"unixTime":"54845660","co":74,"co2":9,"temp":73},
{"id":747,"unixTime":"53993177","co":59,"co2":19,"temp":5},
{"id":748,"unixTime":"46145341","co":55,"co2":51,"temp":9},
{"id":749,"unixTime":"60419075","co":21,"co2":43,"temp":48},
{"id":750,"unixTime":"65214104","co":75,"co2":12,"temp":7},
{"id":751,"unixTime":"42940301","co":10,"co2":45,"temp":73},
{"id":752,"unixTime":"57567874","co":26,"co2":46,"temp":59},
{"id":753,"unixTime":"54736505","co":29,"co2":91,"temp":60},
{"id":754,"unixTime":"40973421","co":63,"co2":98,"temp":23},
{"id":755,"unixTime":"41073666","co":15,"co2":75,"temp":85},
{"id":756,"unixTime":"59534544","co":41,"co2":88,"temp":75},
{"id":757,"unixTime":"49541132","co":39,"co2":52,"temp":63},
{"id":758,"unixTime":"53734414","co":44,"co2":56,"temp":27},
{"id":759,"unixTime":"45823030","co":29,"co2":92,"temp":25},
{"id":760,"unixTime":"38540624","co":82,"co2":84,"temp":64},
{"id":761,"unixTime":"66177787","co":64,"co2":2,"temp":84},
{"id":762,"unixTime":"65285374","co":66,"co2":86,"temp":45},
{"id":763,"unixTime":"42070202","co":26,"co2":92,"temp":63},
{"id":764,"unixTime":"56894070","co":74,"co2":74,"temp":12},
{"id":765,"unixTime":"63881977","co":84,"co2":9,"temp":47},
{"id":766,"unixTime":"68821074","co":85,"co2":26,"temp":100},
{"id":767,"unixTime":"67803208","co":49,"co2":63,"temp":27},
{"id":768,"unixTime":"50962767","co":87,"co2":65,"temp":65},
{"id":769,"unixTime":"54673050","co":47,"co2":11,"temp":58},
{"id":770,"unixTime":"67319055","co":90,"co2":43,"temp":42},
{"id":771,"unixTime":"60149093","co":16,"co2":54,"temp":58},
{"id":772,"unixTime":"48776285","co":18,"co2":84,"temp":93},
{"id":773,"unixTime":"56153189","co":99,"co2":97,"temp":7},
{"id":774,"unixTime":"44916870","co":99,"co2":72,"temp":86},
{"id":775,"unixTime":"59464263","co":88,"co2":25,"temp":66},
{"id":776,"unixTime":"57752","co":73,"co2":44,"temp":44},
{"id":777,"unixTime":"50053213","co":53,"co2":2,"temp":59},
{"id":778,"unixTime":"45285582","co":77,"co2":77,"temp":36},
{"id":779,"unixTime":"40592094","co":22,"co2":3,"temp":42},
{"id":780,"unixTime":"58477552","co":24,"co2":100,"temp":77},
{"id":781,"unixTime":"56848722","co":37,"co2":23,"temp":5},
{"id":782,"unixTime":"52729667","co":77,"co2":85,"temp":68},
{"id":783,"unixTime":"60653858","co":62,"co2":75,"temp":52},
{"id":784,"unixTime":"39910359","co":82,"co2":77,"temp":81},
{"id":785,"unixTime":"41062832","co":47,"co2":25,"temp":78},
{"id":786,"unixTime":"59834992","co":77,"co2":19,"temp":42},
{"id":787,"unixTime":"60487721","co":61,"co2":88,"temp":24},
{"id":788,"unixTime":"67788477","co":84,"co2":100,"temp":47},
{"id":789,"unixTime":"45358542","co":86,"co2":53,"temp":14},
{"id":790,"unixTime":"47197862","co":53,"co2":2,"temp":95},
{"id":791,"unixTime":"48930352","co":8,"co2":25,"temp":61},
{"id":792,"unixTime":"48212705","co":81,"co2":58,"temp":7},
{"id":793,"unixTime":"62316359","co":23,"co2":29,"temp":32},
{"id":794,"unixTime":"62658446","co":80,"co2":39,"temp":89},
{"id":795,"unixTime":"57363904","co":93,"co2":32,"temp":52},
{"id":796,"unixTime":"40339695","co":70,"co2":88,"temp":50},
{"id":797,"unixTime":"57470214","co":31,"co2":71,"temp":28},
{"id":798,"unixTime":"56484831","co":31,"co2":55,"temp":33},
{"id":799,"unixTime":"60653118","co":41,"co2":18,"temp":10},
{"id":800,"unixTime":"57411125","co":88,"co2":35,"temp":36},
{"id":801,"unixTime":"68357793","co":10,"co2":8,"temp":21},
{"id":802,"unixTime":"57234821","co":81,"co2":10,"temp":54},
{"id":803,"unixTime":"67419353","co":97,"co2":92,"temp":40},
{"id":804,"unixTime":"66396471","co":65,"co2":16,"temp":64},
{"id":805,"unixTime":"67612192","co":81,"co2":56,"temp":53},
{"id":806,"unixTime":"43464675","co":73,"co2":1,"temp":83},
{"id":807,"unixTime":"46739804","co":64,"co2":19,"temp":32},
{"id":808,"unixTime":"47045166","co":30,"co2":34,"temp":80},
{"id":809,"unixTime":"55946449","co":78,"co2":2,"temp":57},
{"id":810,"unixTime":"52760665","co":13,"co2":27,"temp":17},
{"id":811,"unixTime":"66632738","co":94,"co2":13,"temp":60},
{"id":812,"unixTime":"65077608","co":45,"co2":32,"temp":10},
{"id":813,"unixTime":"62471580","co":93,"co2":80,"temp":97},
{"id":814,"unixTime":"61255257","co":79,"co2":1,"temp":60},
{"id":815,"unixTime":"50163500","co":7,"co2":90,"temp":82},
{"id":816,"unixTime":"45794852","co":29,"co2":94,"temp":14},
{"id":817,"unixTime":"63236053","co":31,"co2":25,"temp":73},
{"id":818,"unixTime":"67314648","co":71,"co2":92,"temp":14},
{"id":819,"unixTime":"55238354","co":29,"co2":78,"temp":57},
{"id":820,"unixTime":"48452517","co":88,"co2":86,"temp":25},
{"id":821,"unixTime":"67169333","co":17,"co2":71,"temp":63},
{"id":822,"unixTime":"47658465","co":12,"co2":30,"temp":24},
{"id":823,"unixTime":"51983651","co":92,"co2":89,"temp":18},
{"id":824,"unixTime":"38818754","co":10,"co2":99,"temp":28},
{"id":825,"unixTime":"41731798","co":40,"co2":9,"temp":16},
{"id":826,"unixTime":"69626895","co":17,"co2":56,"temp":73},
{"id":827,"unixTime":"64781946","co":61,"co2":43,"temp":88},
{"id":828,"unixTime":"50942130","co":33,"co2":4,"temp":50},
{"id":829,"unixTime":"54595541","co":17,"co2":100,"temp":86},
{"id":830,"unixTime":"68638898","co":42,"co2":43,"temp":18},
{"id":831,"unixTime":"64440658","co":47,"co2":77,"temp":83},
{"id":832,"unixTime":"52956197","co":6,"co2":28,"temp":67},
{"id":833,"unixTime":"69014590","co":61,"co2":60,"temp":41},
{"id":834,"unixTime":"48110068","co":18,"co2":82,"temp":40},
{"id":835,"unixTime":"51382141","co":50,"co2":25,"temp":94},
{"id":836,"unixTime":"54258896","co":24,"co2":98,"temp":65},
{"id":837,"unixTime":"42379619","co":30,"co2":14,"temp":27},
{"id":838,"unixTime":"49489280","co":38,"co2":12,"temp":38},
{"id":839,"unixTime":"54863388","co":95,"co2":18,"temp":28},
{"id":840,"unixTime":"62809757","co":97,"co2":71,"temp":89},
{"id":841,"unixTime":"56273231","co":7,"co2":95,"temp":28},
{"id":842,"unixTime":"58620201","co":82,"co2":43,"temp":38},
{"id":843,"unixTime":"50978648","co":41,"co2":2,"temp":82},
{"id":844,"unixTime":"44605653","co":50,"co2":55,"temp":60},
{"id":845,"unixTime":"38827534","co":67,"co2":12,"temp":23},
{"id":846,"unixTime":"64304068","co":49,"co2":50,"temp":47},
{"id":847,"unixTime":"55412735","co":12,"co2":93,"temp":53},
{"id":848,"unixTime":"67403827","co":79,"co2":60,"temp":81},
{"id":849,"unixTime":"61403424","co":72,"co2":82,"temp":85},
{"id":850,"unixTime":"43872256","co":58,"co2":34,"temp":13},
{"id":851,"unixTime":"39913717","co":24,"co2":7,"temp":37},
{"id":852,"unixTime":"59727679","co":54,"co2":40,"temp":4},
{"id":853,"unixTime":"51360352","co":5,"co2":13,"temp":20},
{"id":854,"unixTime":"64919645","co":68,"co2":72,"temp":75},
{"id":855,"unixTime":"46688253","co":59,"co2":63,"temp":7},
{"id":856,"unixTime":"50505979","co":44,"co2":59,"temp":96},
{"id":857,"unixTime":"66013705","co":66,"co2":66,"temp":10},
{"id":858,"unixTime":"58467229","co":78,"co2":76,"temp":4},
{"id":859,"unixTime":"38338341","co":75,"co2":74,"temp":16},
{"id":860,"unixTime":"54223941","co":97,"co2":99,"temp":96},
{"id":861,"unixTime":"51888081","co":38,"co2":12,"temp":70},
{"id":862,"unixTime":"45650799","co":75,"co2":7,"temp":1},
{"id":863,"unixTime":"38324092","co":13,"co2":16,"temp":7},
{"id":864,"unixTime":"41661832","co":23,"co2":36,"temp":33},
{"id":865,"unixTime":"67958779","co":92,"co2":58,"temp":31},
{"id":866,"unixTime":"58428341","co":15,"co2":6,"temp":17},
{"id":867,"unixTime":"54590902","co":32,"co2":31,"temp":72},
{"id":868,"unixTime":"50244564","co":14,"co2":34,"temp":46},
{"id":869,"unixTime":"66493705","co":56,"co2":59,"temp":26},
{"id":870,"unixTime":"45820418","co":52,"co2":69,"temp":76},
{"id":871,"unixTime":"57743552","co":58,"co2":48,"temp":30},
{"id":872,"unixTime":"67250076","co":70,"co2":2,"temp":93},
{"id":873,"unixTime":"52427077","co":27,"co2":14,"temp":17},
{"id":874,"unixTime":"45657051","co":72,"co2":32,"temp":6},
{"id":875,"unixTime":"58894589","co":76,"co2":28,"temp":97},
{"id":876,"unixTime":"63936872","co":8,"co2":90,"temp":56},
{"id":877,"unixTime":"52643246","co":92,"co2":84,"temp":80},
{"id":878,"unixTime":"45137294","co":57,"co2":13,"temp":31},
{"id":879,"unixTime":"47709723","co":18,"co2":43,"temp":20},
{"id":880,"unixTime":"67946064","co":31,"co2":68,"temp":86},
{"id":881,"unixTime":"48925184","co":10,"co2":31,"temp":42},
{"id":882,"unixTime":"58103122","co":99,"co2":20,"temp":35},
{"id":883,"unixTime":"59495942","co":91,"co2":42,"temp":80},
{"id":884,"unixTime":"66857068","co":31,"co2":62,"temp":42},
{"id":885,"unixTime":"43750530","co":98,"co2":15,"temp":27},
{"id":886,"unixTime":"62059301","co":61,"co2":81,"temp":70},
{"id":887,"unixTime":"41111127","co":65,"co2":77,"temp":79},
{"id":888,"unixTime":"55278870","co":92,"co2":94,"temp":6},
{"id":889,"unixTime":"41325241","co":80,"co2":50,"temp":52},
{"id":890,"unixTime":"41738287","co":74,"co2":39,"temp":6},
{"id":891,"unixTime":"40952872","co":69,"co2":30,"temp":31},
{"id":892,"unixTime":"59883456","co":97,"co2":93,"temp":51},
{"id":893,"unixTime":"64373984","co":62,"co2":10,"temp":93},
{"id":894,"unixTime":"61773241","co":95,"co2":91,"temp":93},
{"id":895,"unixTime":"62938464","co":8,"co2":66,"temp":3},
{"id":896,"unixTime":"69108305","co":9,"co2":78,"temp":17},
{"id":897,"unixTime":"50853867","co":63,"co2":87,"temp":42},
{"id":898,"unixTime":"60660302","co":27,"co2":32,"temp":39},
{"id":899,"unixTime":"65267528","co":68,"co2":86,"temp":89},
{"id":900,"unixTime":"54899200","co":69,"co2":14,"temp":3},
{"id":901,"unixTime":"46960691","co":71,"co2":94,"temp":99},
{"id":902,"unixTime":"44669110","co":56,"co2":5,"temp":17},
{"id":903,"unixTime":"56767484","co":68,"co2":93,"temp":48},
{"id":904,"unixTime":"45225336","co":15,"co2":87,"temp":78},
{"id":905,"unixTime":"51229373","co":26,"co2":19,"temp":18},
{"id":906,"unixTime":"40026825","co":69,"co2":67,"temp":32},
{"id":907,"unixTime":"44987320","co":5,"co2":29,"temp":18},
{"id":908,"unixTime":"67095210","co":78,"co2":64,"temp":57},
{"id":909,"unixTime":"45529725","co":19,"co2":33,"temp":41},
{"id":910,"unixTime":"41033234","co":2,"co2":100,"temp":3},
{"id":911,"unixTime":"46240290","co":93,"co2":27,"temp":54},
{"id":912,"unixTime":"66549494","co":95,"co2":56,"temp":69},
{"id":913,"unixTime":"55301642","co":30,"co2":98,"temp":78},
{"id":914,"unixTime":"46175872","co":72,"co2":81,"temp":26},
{"id":915,"unixTime":"69582339","co":77,"co2":68,"temp":48},
{"id":916,"unixTime":"42008655","co":91,"co2":87,"temp":48},
{"id":917,"unixTime":"48430469","co":54,"co2":1,"temp":32},
{"id":918,"unixTime":"43625665","co":24,"co2":98,"temp":31},
{"id":919,"unixTime":"51033315","co":57,"co2":61,"temp":13},
{"id":920,"unixTime":"65999747","co":48,"co2":46,"temp":25},
{"id":921,"unixTime":"55538785","co":50,"co2":59,"temp":45},
{"id":922,"unixTime":"50122914","co":72,"co2":29,"temp":7},
{"id":923,"unixTime":"64748777","co":14,"co2":25,"temp":83},
{"id":924,"unixTime":"56005600","co":77,"co2":71,"temp":74},
{"id":925,"unixTime":"56042860","co":10,"co2":30,"temp":85},
{"id":926,"unixTime":"67858510","co":13,"co2":11,"temp":19},
{"id":927,"unixTime":"47002801","co":94,"co2":53,"temp":87},
{"id":928,"unixTime":"50545050","co":62,"co2":96,"temp":15},
{"id":929,"unixTime":"68682366","co":97,"co2":49,"temp":21},
{"id":930,"unixTime":"65291396","co":43,"co2":68,"temp":84},
{"id":931,"unixTime":"60990456","co":89,"co2":55,"temp":16},
{"id":932,"unixTime":"49428583","co":94,"co2":19,"temp":28},
{"id":933,"unixTime":"54322255","co":4,"co2":52,"temp":61},
{"id":934,"unixTime":"54438514","co":75,"co2":72,"temp":44},
{"id":935,"unixTime":"54112594","co":45,"co2":7,"temp":18},
{"id":936,"unixTime":"68799029","co":15,"co2":27,"temp":18},
{"id":937,"unixTime":"46281628","co":22,"co2":9,"temp":35},
{"id":938,"unixTime":"64502589","co":14,"co2":15,"temp":67},
{"id":939,"unixTime":"65679545","co":99,"co2":75,"temp":50},
{"id":940,"unixTime":"56459326","co":37,"co2":14,"temp":94},
{"id":941,"unixTime":"64765934","co":29,"co2":69,"temp":73},
{"id":942,"unixTime":"68989689","co":44,"co2":65,"temp":99},
{"id":943,"unixTime":"58592317","co":42,"co2":22,"temp":71},
{"id":944,"unixTime":"64533781","co":74,"co2":63,"temp":86},
{"id":945,"unixTime":"51671333","co":53,"co2":81,"temp":90},
{"id":946,"unixTime":"43166326","co":42,"co2":46,"temp":10},
{"id":947,"unixTime":"47718209","co":95,"co2":34,"temp":97},
{"id":948,"unixTime":"49485957","co":50,"co2":58,"temp":74},
{"id":949,"unixTime":"52160508","co":99,"co2":3,"temp":75},
{"id":950,"unixTime":"66803733","co":37,"co2":75,"temp":83},
{"id":951,"unixTime":"46880720","co":78,"co2":25,"temp":60},
{"id":952,"unixTime":"39224053","co":85,"co2":15,"temp":5},
{"id":953,"unixTime":"49067519","co":4,"co2":2,"temp":83},
{"id":954,"unixTime":"65429823","co":65,"co2":62,"temp":65},
{"id":955,"unixTime":"56449700","co":61,"co2":23,"temp":29},
{"id":956,"unixTime":"59592642","co":60,"co2":90,"temp":12},
{"id":957,"unixTime":"64560414","co":53,"co2":6,"temp":3},
{"id":958,"unixTime":"40603018","co":31,"co2":35,"temp":34},
{"id":959,"unixTime":"50976712","co":87,"co2":19,"temp":24},
{"id":960,"unixTime":"65905360","co":53,"co2":100,"temp":14},
{"id":961,"unixTime":"58641267","co":28,"co2":64,"temp":86},
{"id":962,"unixTime":"52748039","co":12,"co2":100,"temp":83},
{"id":963,"unixTime":"56266423","co":51,"co2":81,"temp":2},
{"id":964,"unixTime":"43406158","co":51,"co2":35,"temp":96},
{"id":965,"unixTime":"48037288","co":96,"co2":13,"temp":20},
{"id":966,"unixTime":"44524688","co":92,"co2":11,"temp":45},
{"id":967,"unixTime":"55873904","co":15,"co2":98,"temp":41},
{"id":968,"unixTime":"52582034","co":21,"co2":28,"temp":58},
{"id":969,"unixTime":"69426707","co":80,"co2":16,"temp":6},
{"id":970,"unixTime":"56562512","co":76,"co2":96,"temp":8},
{"id":971,"unixTime":"55186067","co":1,"co2":90,"temp":27},
{"id":972,"unixTime":"46629844","co":56,"co2":93,"temp":29},
{"id":973,"unixTime":"64949801","co":96,"co2":52,"temp":63},
{"id":974,"unixTime":"44915893","co":10,"co2":83,"temp":19},
{"id":975,"unixTime":"61545336","co":35,"co2":16,"temp":15},
{"id":976,"unixTime":"50944191","co":79,"co2":21,"temp":17},
{"id":977,"unixTime":"56267986","co":49,"co2":21,"temp":92},
{"id":978,"unixTime":"54430680","co":22,"co2":10,"temp":10},
{"id":979,"unixTime":"64777524","co":24,"co2":61,"temp":46},
{"id":980,"unixTime":"41678260","co":81,"co2":88,"temp":58},
{"id":981,"unixTime":"44219956","co":99,"co2":95,"temp":88},
{"id":982,"unixTime":"59281442","co":69,"co2":22,"temp":30},
{"id":983,"unixTime":"62800732","co":29,"co2":27,"temp":51},
{"id":984,"unixTime":"49422037","co":90,"co2":36,"temp":39},
{"id":985,"unixTime":"58911784","co":97,"co2":6,"temp":69},
{"id":986,"unixTime":"43301306","co":51,"co2":32,"temp":69},
{"id":987,"unixTime":"55938660","co":28,"co2":29,"temp":40},
{"id":988,"unixTime":"60127948","co":97,"co2":18,"temp":84},
{"id":989,"unixTime":"61548359","co":16,"co2":96,"temp":9},
{"id":990,"unixTime":"44879896","co":28,"co2":79,"temp":22},
{"id":991,"unixTime":"49258455","co":18,"co2":24,"temp":38},
{"id":992,"unixTime":"43250458","co":32,"co2":11,"temp":66},
{"id":993,"unixTime":"56559114","co":40,"co2":5,"temp":77},
{"id":994,"unixTime":"56122081","co":91,"co2":80,"temp":5},
{"id":995,"unixTime":"48457425","co":25,"co2":63,"temp":78},
{"id":996,"unixTime":"51770547","co":52,"co2":59,"temp":59},
{"id":997,"unixTime":"52436498","co":53,"co2":61,"temp":1},
{"id":998,"unixTime":"52863826","co":44,"co2":30,"temp":60},
{"id":999,"unixTime":"61421171","co":17,"co2":72,"temp":17},
{"id":1,"unixTime":"41585630","co":60,"co2":58,"temp":15}]